<application>
  <component name="CodeInsightSettings">
    <option name="completionCaseSensitive" value="2" />
    <option name="selectAutopopupSuggestionsByChars" value="true" />
    <option name="AUTO_POPUP_JAVADOC_INFO" value="true" />
    <option name="COMPLETION_CASE_SENSITIVE" value="2" />
    <option name="SELECT_AUTOPOPUP_SUGGESTIONS_BY_CHARS" value="true" />
    <option name="AUTOCOMPLETE_ON_CODE_COMPLETION" value="false" />
    <option name="INSERT_BRACE_ON_ENTER" value="false" />
  </component>
  <component name="EditorSettings">
    <option name="STRIP_TRAILING_SPACES" value="None" />
    <option name="IS_WHEEL_FONTCHANGE_ENABLED" value="true" />
    <option name="IS_WHEEL_FONTCHANGE_PERSISTENT" value="true" />
  </component>
  <component name="TodoConfiguration">
    <pattern pattern="(?&lt;=\W|^)(?&lt;TAG&gt;ANCHOR)(\W|$)(.*)" />
    <pattern pattern="(?&lt;=\W|^)(?&lt;TAG&gt;STUB)(\W|$)(.*)" />
    <pattern useCustomColors="true" pattern="(?&lt;=\W|^)(?&lt;TAG&gt;NOTE)(\W|$)(.*)">
      <option name="FOREGROUND" value="b13e00" />
      <option name="FONT_TYPE" value="1" />
    </pattern>
    <pattern useCustomColors="true" pattern="(?&lt;=\W|^)(?&lt;TAG&gt;FIXME)(\W|$)(.*)">
      <option name="FOREGROUND" value="a11012" />
      <option name="FONT_TYPE" value="2" />
      <option name="ERROR_STRIPE_COLOR" value="cf0007" />
    </pattern>
    <pattern pattern="(?&lt;=\W|^)(?&lt;TAG&gt;REVIEW)(\W|$)(.*)" />
    <pattern pattern="(?&lt;=\W|^)(?&lt;TAG&gt;TODO)(\W|$)(.*)" />
    <pattern useCustomColors="true" pattern="(?&lt;=\W|^)(?&lt;TAG&gt;BUG)(\W|$)(.*)">
      <option name="FOREGROUND" value="a11012" />
      <option name="FONT_TYPE" value="2" />
      <option name="ERROR_STRIPE_COLOR" value="cf0007" />
    </pattern>
    <pattern useCustomColors="true" pattern="(?&lt;=\W|^)(?&lt;TAG&gt;DELETEME)(\W|$)(.*)">
      <option name="FOREGROUND" value="a11012" />
      <option name="FONT_TYPE" value="2" />
      <option name="ERROR_STRIPE_COLOR" value="cf0007" />
    </pattern>
    <pattern pattern="(?&lt;=\W|^)(?&lt;TAG&gt;WARNING)(\W|$)(.*)" />
    <pattern pattern="(?&lt;=\W|^)(?&lt;TAG&gt;WARN)(\W|$)(.*)" />
    <filter name="My TODOs" />
  </component>
</application>