<application>
  <component name="LafManager" autodetect="false">
    <laf class-name="com.intellij.ide.ui.laf.darcula.DarculaLaf" themeId="com.github.rmehri01.onenord" />
    <lafs-to-previous-schemes>
      <laf-to-scheme laf="Catppuccin Frappe" scheme="_@user_Catppuccin Frappe" />
      <laf-to-scheme laf="Catppuccin Latte" scheme="_@user_Catppuccin Latte" />
      <laf-to-scheme laf="Catppuccin Macchiato" scheme="_@user_Catppuccin Macchiato" />
      <laf-to-scheme laf="Catppuccin Mocha" scheme="_@user_Catppuccin Mocha" />
      <laf-to-scheme laf="Dark" scheme="_@user_Dark" />
      <laf-to-scheme laf="High contrast" scheme="_@user_High contrast" />
      <laf-to-scheme laf="Light" scheme="_@user_Light" />
      <laf-to-scheme laf="Light with Light Header" scheme="_@user_Light" />
      <laf-to-scheme laf="Nord" scheme="_@user_Nord" />
      <laf-to-scheme laf="Polar" scheme="_@user_Polar" />
      <laf-to-scheme laf="ReSharper Day" scheme="_@user_ReSharper Light" />
      <laf-to-scheme laf="ReSharper Night" scheme="_@user_ReSharper Dark" />
      <laf-to-scheme laf="Rider Day" scheme="_@user_Rider Light" />
      <laf-to-scheme laf="Rider Melon Day" scheme="_@user_Rider Melon Light" />
      <laf-to-scheme laf="Trash Panda Theme" scheme="_@user_Trash Panda Theme" />
      <laf-to-scheme laf="Trash Panda Theme (High Contrast)" scheme="_@user_Trash Panda Theme (High Contrast)" />
      <laf-to-scheme laf="Trash Panda Theme (Moonlight)" scheme="_@user_Trash Panda Theme (Moonlight)" />
      <laf-to-scheme laf="Visual Assist Day" scheme="_@user_Visual Assist Light" />
      <laf-to-scheme laf="Visual Assist Night" scheme="_@user_Visual Assist Dark" />
      <laf-to-scheme laf="Visual Studio Day" scheme="_@user_Visual Studio Light" />
      <laf-to-scheme laf="Visual Studio Night" scheme="_@user_Visual Studio Dark" />
    </lafs-to-previous-schemes>
  </component>
</application>