<application>
  <component name="ProjectManager">
    <defaultProject>
      <component name="Encoding" addBOMForNewFiles="with BOM under Windows, with no BOM otherwise" />
      <component name="PropertiesComponent"><![CDATA[{
  "keyToString": {
    "settings.editor.selected.configurable": "preferences.fileTypes"
  }
}]]></component>
      <component name="WindowStateProjectService">
        <state x="872" y="297" key="Rider.ProjectTemplateDialog.Size" timestamp="1702162179781">
          <screen x="0" y="0" width="2560" height="1392" />
        </state>
        <state x="872" y="297" key="Rider.ProjectTemplateDialog.Size/2560.-219.1080.1872/-1080.-231.1080.1920/0.0.2560.1392" timestamp="1702162179781" />
        <state x="702" y="204" key="SettingsEditor" timestamp="1702163784515">
          <screen x="0" y="0" width="2560" height="1392" />
        </state>
        <state x="702" y="204" key="SettingsEditor/2560.-219.1080.1872/-1080.-231.1080.1920/0.0.2560.1392" timestamp="1702163784515" />
      </component>
    </defaultProject>
  </component>
</application>