<application>
  <component name="VimEditorSettings">
    <editor />
  </component>
  <component name="VimKeySettings">
    <shortcut-conflicts>
      <shortcut-conflict owner="vim">
        <text encoding="base64">c2hpZnQgY3RybCBwcmVzc2VkIEs=</text>
      </shortcut-conflict>
      <shortcut-conflict owner="vim">
        <text encoding="base64">c2hpZnQgY3RybCBwcmVzc2VkIEo=</text>
      </shortcut-conflict>
      <shortcut-conflict owner="ide">
        <text encoding="base64">cHJlc3NlZCBGMTE=</text>
      </shortcut-conflict>
      <shortcut-conflict owner="vim">
        <text encoding="base64">cHJlc3NlZCBGMTA=</text>
      </shortcut-conflict>
      <shortcut-conflict owner="vim">
        <text encoding="base64">c2hpZnQgY3RybCBwcmVzc2VkIEw=</text>
      </shortcut-conflict>
      <shortcut-conflict owner="vim">
        <text encoding="base64">c2hpZnQgY3RybCBwcmVzc2VkIEg=</text>
      </shortcut-conflict>
    </shortcut-conflicts>
  </component>
  <component name="VimSettings">
    <state version="7" enabled="true" />
    <notifications>
      <idea-join enabled="true" />
      <idea-put enabled="false" />
    </notifications>
  </component>
</application>