<keymap version="1" name="VSCode copy 1 copy" parent="VSCode">
  <action id="CIDR.Debugger.CopyAddress">
    <keyboard-shortcut first-keystroke="shift alt c" />
  </action>
  <action id="CloseAllEditors" />
  <action id="CloseAllEditorsButActive" />
  <action id="CloseProject">
    <keyboard-shortcut first-keystroke="shift ctrl w" />
  </action>
  <action id="CollapseAllRegions" />
  <action id="CollapseBlock">
    <keyboard-shortcut first-keystroke="ctrl alt open_bracket" />
  </action>
  <action id="CollapseDocComments" />
  <action id="CollapseRegionRecursively" />
  <action id="CommentByLineComment">
    <keyboard-shortcut first-keystroke="ctrl slash" />
  </action>
  <action id="CompareClipboardWithSelection" />
  <action id="CopyAbsolutePath">
    <keyboard-shortcut first-keystroke="shift alt c" />
  </action>
  <action id="CopyPaths">
    <keyboard-shortcut first-keystroke="shift alt c" />
  </action>
  <action id="EditSourceInNewWindow" />
  <action id="EditorLeft">
    <keyboard-shortcut first-keystroke="left" />
    <keyboard-shortcut first-keystroke="ctrl h" />
  </action>
  <action id="EditorLeftWithSelection">
    <keyboard-shortcut first-keystroke="shift left" />
    <keyboard-shortcut first-keystroke="ctrl h" />
  </action>
  <action id="EditorRight">
    <keyboard-shortcut first-keystroke="right" />
    <keyboard-shortcut first-keystroke="ctrl l" />
  </action>
  <action id="EditorRightWithSelection">
    <keyboard-shortcut first-keystroke="shift right" />
    <keyboard-shortcut first-keystroke="ctrl l" />
  </action>
  <action id="EditorUp">
    <keyboard-shortcut first-keystroke="up" />
    <keyboard-shortcut first-keystroke="ctrl k" />
  </action>
  <action id="ExpandAllRegions" />
  <action id="ExpandRegionRecursively" />
  <action id="FindNext">
    <keyboard-shortcut first-keystroke="f3" />
  </action>
  <action id="Help.KeymapReference" />
  <action id="HideActiveWindow" />
  <action id="JumpToLastChange" />
  <action id="Markdown.Layout.EditorAndPreview" />
  <action id="MoveTabRight" />
  <action id="NextSplitter" />
  <action id="OverrideFileTypeAction" />
  <action id="PinActiveTabAction" />
  <action id="PrevSplitter" />
  <action id="QuickChangeScheme" />
  <action id="QuickJavaDoc" />
  <action id="RemoteServers.EditServerConfig" />
  <action id="RevealIn">
    <keyboard-shortcut first-keystroke="shift alt r" />
  </action>
  <action id="RiderCoveringTestsPopupCoverAllTestsAction" />
  <action id="RiderOpenSolution" />
  <action id="RiderUnitTestRunSolutionTwAction" />
  <action id="RunDashboard.EditConfiguration" />
  <action id="SaveAll" />
  <action id="SelectInProjectView" />
  <action id="Terminal.NextSplitter" />
  <action id="Terminal.PrevSplitter" />
  <action id="ToggleZenMode" />
  <action id="Vcs.Log.FocusTextFilter" />
  <action id="Vcs.Log.ShowTooltip" />
</keymap>